{
  "baseline_no_severity": {
    "mae": 3716.415266418835,
    "rmse": 10119.625393689179,
    "r2": 0.9858820720705429
  },
  "fused_end_to_end": {
    "mae": 4121.294993214137,
    "rmse": 10713.04114880866,
    "r2": 0.9841777721522226
  },
  "fused_oracle": {
    "mae": 3882.9159402844166,
    "rmse": 10309.620024907304,
    "r2": 0.9853469710947943
  },
  "r2_gap_oracle_minus_endtoend": 0.0011691989425717253,
  "mae_gap_endtoend_minus_oracle": 238.37905292972073
}